Code,Klassifikator,Klassifikator_ru,Klassifikator_en,2014,2015,2016,2017,2018,2019,2020,2021,2022,2023
1700,O'zbekiston Respublikasi,Республика Узбекистан,Republic of Uzbekistan,15215.3,15470.3,15736.4,15999.5,16258.8,16544.9,16859.9,17180.5,17527.1,17896.3
1735,Qoraqalpog'iston Respublikasi,Республика Каракалпакстан,The Republic of Karakalpakstan,867.2,879.6,893.0,905.7,917.8,931.4,945.2,957.9,970.0,983.6
1735401,Nukus shahri,Город Нукус,Nukus city,150.7,153.1,154.2,156.0,157.7,159.7,161.8,163.9,166.3,169.1
1735204,Amudaryo tumani,Амударьинский район,Amudarya district,88.2,89.7,91.4,92.8,94.2,96.1,98.1,99.3,100.9,102.8
1735207,Beruniy tumani,Берунийский район,Beruniy  district,85.0,86.6,88.3,89.9,91.5,93.4,95.3,96.9,98.3,100.1
1735209,Bo‘zatov tumani,Бозатовский район,Bo‘zatov district,0.0,0.0,0.0,0.0,0.0,0.0,10.6,10.7,10.7,10.8
1735211,Qorao‘zak tumani,Караузякский район,Qorao‘zak district,24.3,24.6,24.9,25.2,25.5,25.6,25.8,26.1,26.2,26.4
1735212,Kegeyli tumani,Кегейлийский район,Kegeyli district,41.8,42.3,43.0,43.4,43.9,44.2,35.4,35.7,35.9,36.2
1735215,Qo‘ng‘irot tumani,Кунградский район,Qo‘ng‘irot district,58.5,59.4,60.3,61.0,61.8,62.5,63.3,64.1,64.6,65.5
1735218,Qanliko'l tumani,Канлыкульский район,Qanliko'l district,23.2,23.5,23.9,24.3,24.6,24.9,25.2,25.5,25.9,26.2
1735222,Mo‘ynoq tumani,Муйнакский район,Mo‘ynoq  district,14.4,14.6,14.8,15.0,15.2,15.4,15.6,15.9,16.3,16.5
1735225,Nukus tumani,Нукусский район,Nukus district,21.7,22.1,22.7,23.2,23.7,24.2,24.8,25.2,25.6,26.1
1735228,Taxiatosh tumani,Тахиаташский район,Taxiatosh district,0.0,0.0,0.0,0.0,36.3,36.7,37.2,37.7,38.1,38.5
1735230,Taxtako‘pir tumani,Тахтакупырский район,Taxtako‘pir district,19.1,19.1,19.3,19.4,19.5,19.6,19.7,19.9,20.0,19.1
1735233,To'rtko'l tumani,Турткульский район,To'rtko'l district,97.0,98.7,100.5,102.3,103.9,105.8,107.9,109.6,111.3,113.2
1735236,Xo‘jayli tumani,Ходжейлийский район,Xo‘jayli district,92.5,93.1,94.2,95.1,59.9,60.6,61.3,62.1,62.7,63.6
1735240,Chimboy tumani,Чимбайский район,Chimboy district,53.2,53.6,54.4,55.1,55.6,56.3,55.2,55.7,56.1,56.7
1735243,Shumanay tumani,Шуманайский район,Shumanay district,26.6,26.9,27.1,27.4,27.5,27.8,28.0,28.2,28.4,28.7
1735250,Ellikqala tumani,Элликкалинский район,Ellikqala district,71.0,72.3,74.0,75.6,77.0,78.6,80.0,81.4,82.7,84.1
1703,Andijon viloyati,Андижанская область,Andijan region,1390.4,1415.5,1441.2,1466.4,1490.3,1514.6,1544.2,1574.0,1605.9,1639.6
1703401,Andijon shahar,Город Андижан,Andijon city,202.2,205.3,208.0,210.5,213.2,215.7,219.5,223.5,227.6,232.3
1703408,Xonobod shahar,Город Ханабад,Xonobod  city,19.7,19.9,20.0,20.2,20.4,20.8,21.2,21.6,22.0,22.5
1703202,Oltinko'l tumani,Алтынкульский район,Oltinko'l  district,77.9,79.5,81.0,82.8,84.4,85.6,87.4,89.3,91.3,93.5
1703203,Andijon tumani,Андижанский район,Andijon district,115.2,117.5,120.5,123.2,125.5,128.2,131.0,133.6,137.0,140.2
1703206,Baliqchi tumani,Балыкчинский район,Baliqchi district,87.5,89.5,91.3,93.0,94.3,95.9,97.7,99.6,101.5,103.5
1703209,Bo'ston tumani,Бустанский район,Bo'ston district,31.7,32.4,32.9,33.5,34.2,34.7,35.4,36.2,37.0,37.7
1703210,Buloqboshi tumani,Булакбашинский район,Buloqboshi district,63.1,64.1,65.4,66.6,67.4,68.4,69.7,70.9,72.2,73.6
1703211,Jalаquduq tumani,Джалакудукский район,Jalаquduq district,83.0,84.3,85.7,87.1,88.1,89.4,90.7,92.2,93.9,95.7
1703214,Izboskan tumani,Избасканский район,Izboskan district,104.2,106.0,107.8,109.5,111.6,113.7,116.2,118.7,120.7,122.8
1703217,Ulug'nor tumani,Улугнорский район,Ulug'nor district,26.9,27.4,27.8,28.2,28.7,29.2,29.7,30.3,30.9,31.5
1703220,Qo'rg'ontepa tumani,Кургантепинский район,Qo'rg'ontepa district,95.7,97.3,99.3,101.1,102.8,104.5,106.6,108.3,110.1,112.1
1703224,Asaka tumani,Асакинский район,Asaka district,143.0,145.9,148.7,151.9,155.0,157.9,161.0,164.5,168.0,171.7
1703227,Marxamat tumani,Мархаматский район,Marxamat district,76.5,77.8,79.2,80.4,81.7,83.0,84.4,85.8,87.6,89.3
1703230,Shaxrixon tumani,Шахриханский район,Shaxrixon district,130.9,133.5,135.9,138.2,140.3,142.7,145.8,148.7,151.8,155.1
1703232,Paxtaobod tumani,Пахтаабадский район,Paxtaobod district,84.4,86.0,87.8,89.6,91.3,92.6,94.3,96.2,98.5,100.7
1703236,Xo'jaobod tumani,Ходжаабадский район,Xo'jaobod district,48.5,49.1,49.9,50.6,51.4,52.3,53.6,54.6,55.8,57.4
1706,Buxoro viloyati,Бухарская область,Bukhara region,880.4,894.1,908.3,921.8,934.6,946.5,960.4,971.9,986.4,1002.4
1706401,Buxoro shahar,Город Бухара,Buxoro city,138.4,138.7,139.0,139.4,139.4,139.9,141.0,141.5,142.9,145.7
1706403,Kogon shahar,Город Каган,Kogon city,30.3,30.4,30.7,30.8,31.0,31.2,31.4,31.5,32.0,32.7
1706204,Olot tumani,Aлатский район,Olot  district,44.9,45.6,46.4,47.1,47.7,48.6,49.4,50.0,50.6,51.3
1706207,Buxoro tumani,Бухарский район,Buxoro district,72.9,74.4,76.1,77.7,79.6,81.2,82.8,84.2,85.9,87.3
1706212,Vobkent tumani,Вабкентский район,Vobkent district,62.7,63.8,65.0,66.1,67.0,68.1,69.4,70.3,71.3,72.4
1706215,G'ijduvon tumani,Гиждуванский район,G'ijduvon district,136.9,139.4,141.8,144.5,146.2,146.4,148.4,150.3,152.5,154.9
1706219,Kogon tumani,Каганский район,Kogon district,34.2,35.0,35.9,36.6,37.6,38.5,39.4,40.1,40.8,41.6
1706230,Qorako'l tumani,Каракульский район,Qorako'l district,75.0,76.3,77.6,78.8,80.3,81.7,82.9,83.5,84.7,85.7
1706232,Qorovulbozor tumani,Караулбазарский район,Qorovulbozor district,8.3,8.5,8.7,8.8,9.0,9.1,9.2,9.3,9.6,9.8
1706240,Peshku tumani,Пешкунский  район,Peshku district,55.1,56.1,57.1,58.0,59.0,60.1,61.2,62.3,63.2,64.3
1706242,Romitan tumani,Ромитанский район,Romitan district,62.9,64.0,65.1,66.1,67.4,68.5,69.6,71.0,72.2,73.4
1706246,Jondor tumani,Жондорский район,Jondor  district,78.6,80.3,81.9,83.6,85.1,86.7,88.0,89.1,90.6,92.0
1706258,Shofirkon tumani,Шафирканский район,Shofirkon district,80.2,81.6,83.0,84.3,85.3,86.5,87.7,88.8,90.1,91.3
1708,Jizzax viloyati,Джизакская область,Jizzakh region,611.6,622.9,635.4,647.3,658.9,672.1,686.5,700.1,715.8,731.4
1708401,Jizzax shahar,Город Джизак,Jizzakh city,81.8,82.6,83.7,84.8,85.8,87.2,88.7,90.3,92.5,95.9
1708201,Arnasoy tuman,Арнасайский район,Arnasoy district,20.7,20.9,21.3,21.7,22.1,22.4,22.7,23.0,23.3,23.7
1708204,Baxmal tumani,Бахмальский район,Baxmal district,67.7,69.1,70.8,72.1,73.7,75.1,76.8,78.3,80.0,81.6
1708209,G'allaorol tumani,Галляаральский район,G'allaorol district,76.7,78.0,79.4,80.7,82.1,83.6,85.3,87.1,89.0,90.7
1708212,Sharof Rashidov tumani,Шараф-Рашидовский  район,Sharof Rashidov  district,93.7,96.1,98.3,100.7,102.9,106.0,109.1,111.9,115.0,117.1
1708215,Do'stlik tumani,Дустликский район,Do'stlik district,29.8,30.4,30.9,31.4,31.9,32.6,33.2,33.7,34.3,34.9
1708218,Zomin tumani,Зааминский район,Zomin district,79.7,81.0,82.6,84.0,77.9,79.4,81.2,82.6,84.8,86.6
1708220,Zarbdor tumani,Зарбдарский район,Zarbdor district,29.5,30.3,31.2,32.1,40.3,41.2,42.3,43.5,44.5,45.7
1708223,Mirzacho'l tumani,Мирзачульский район,Mirzacho'l district,22.8,23.3,23.9,24.4,25.1,25.7,26.3,26.9,27.2,27.7
1708225,Zafarobod tumani,Зафарабадский район,Zafarobod district,22.2,22.5,22.9,23.3,23.7,24.2,24.6,24.9,25.4,26.0
1708228,Paxtakor tumani,Пахтакорский район,Paxtakor district,33.0,33.7,34.3,35.0,35.5,36.1,36.8,37.5,38.4,39.2
1708235,Forish tumani,Фаришский район,Forish district,41.3,42.0,42.9,43.7,44.3,44.9,45.6,46.2,47.0,47.7
1708237,Yangiobod tumani,Янгиабадский район,Yangiobod district,12.7,13.0,13.2,13.4,13.6,13.7,13.9,14.2,14.4,14.6
1710,Qashqadaryo viloyati,Кашкадарьинская область,Kashkadarya region,1437.1,1467.4,1499.5,1530.0,1558.8,1589.2,1621.2,1647.9,1683.0,1718.6
1710401,Qarshi  shahar,Город Карши,Qarshi  city,127.8,129.2,130.6,132.4,134.1,135.4,137.4,139.2,141.5,144.3
1710405,Shahrisabz shahar,Город Шахрисабз,Shakhrisabz city,0.0,0.0,0.0,0.0,66.4,67.6,68.6,69.1,70.2,71.2
1710240,Ko'kdala,Кукдала,Ko'kdala,0.0,0.0,0.0,0.0,0.0,0.0,0.0,0.0,0.0,89.2
1710207,G'uzor tumani,Гузарский район,G'uzor district,90.0,91.8,93.5,95.1,96.6,98.1,100.2,102.3,104.6,107.0
1710212,Dehqonobod tuman,Дехканабадский район,Dehqonobod  district,64.2,65.6,67.1,68.5,70.0,71.4,72.8,74.1,75.5,76.9
1710220,Qamashi tuman,Камашинский район,Qamashi district,117.9,120.7,123.6,126.2,128.5,131.0,133.6,135.4,138.2,141.0
1710224,Qarshi tuman,Каршинский район,Qarshi district,108.2,110.9,113.9,116.5,119.0,121.8,124.5,127.1,130.5,133.5
1710229,Koson tuman,Касанский район,Koson district,124.0,126.6,129.2,131.8,134.7,137.4,140.4,143.2,146.6,150.0
1710232,Kitob tuman,Китабский район,Kitob district,115.3,117.9,120.5,123.1,125.0,127.5,129.6,131.0,133.3,135.7
1710233,Mirishkor tuman,Миришкорский район,Mirishkor district,52.2,53.2,54.2,55.2,56.1,57.1,58.3,59.5,60.8,62.1
1710234,Muborak tumani,Мубарекский район,Muborak district,38.6,39.1,39.7,40.6,41.2,42.0,42.9,43.7,44.6,45.4
1710235,Nishon tumani,Нишанский  район,Nishon district,65.4,67.0,68.8,70.5,72.4,74.2,76.1,77.6,79.6,81.4
1710237,Kasbi tumani,Касбийский  район,Kasbi district,85.7,87.6,89.3,90.8,92.3,94.0,95.9,97.9,99.9,102.1
1710242,Chiroqchi tumani,Чиракчинский район,Chiroqchi  district,173.3,178.1,183.1,188.0,192.3,197.0,201.8,206.3,212.1,128.8
1710245,Shahrisabz tumani,Шахрисабзский район,Shahrisabz district,159.9,162.7,166.2,168.9,105.5,107.3,109.1,110.0,111.9,113.6
1710250,Yakkabog' tumani,Яккабагский район,Yakkabog' district,114.6,117.0,119.8,122.4,124.7,127.4,130.0,131.5,133.7,136.4
1712,Navoiy viloyati,Навоийская область,Navoi region,444.0,450.0,457.3,464.9,472.5,482.7,491.4,499.8,509.8,520.7
1712401,Navoiy shahar,Город Навои,Navoiy city,65.6,65.4,65.5,65.9,66.8,67.3,71.5,73.0,75.0,77.9
1712408,Zarafshon shahar,Город Зарафшан,Zarafshon city,34.4,35.1,36.2,37.3,38.3,39.1,39.8,40.6,40.8,41.3
1712412,G'ozg'on shahar,Город Газган,G'ozg'on city,0.0,0.0,0.0,0.0,0.0,0.0,3.3,4.1,4.2,4.2
1712211,Konimex tumani,Канимехский  район,Konimex  district,14.4,14.4,14.3,14.4,14.4,16.5,16.8,17.1,17.4,17.7
1712216,Qiziltepa tumani,Кызылтепинский район,Qiziltepa district,68.4,69.5,70.7,71.9,72.8,73.9,75.1,76.1,77.4,78.7
1712230,Navbahor shahar,Город Навбахор,Navbahor city,50.4,51.4,52.2,53.1,53.8,54.7,55.7,56.6,57.6,58.6
1712234,Karmana tumani,Карманинский район,Karmana district,55.3,57.0,58.8,60.5,62.2,64.5,63.3,64.7,66.7,68.4
1712238,Nurota tumani,Нуратинский район,Nurota district,41.3,41.8,42.4,42.8,43.5,44.2,41.5,41.4,42.1,42.8
1712244,Tomdi tumani,Тамдынский район,Tomdi district,7.4,7.2,7.2,7.2,7.1,7.1,7.3,7.4,7.6,7.7
1712248,Uchquduq tumani,Учкудукский район,Uchquduq district,17.1,17.2,17.6,18.0,18.5,18.6,18.7,19.0,19.4,19.9
1712251,Xatirchi tumani,Хатырчинский район,Xatirchi district,89.7,91.0,92.4,93.8,95.1,96.8,98.4,99.8,101.6,103.5
1714,Namangan viloyati,Наманганская область,Namangan region,1236.4,1260.5,1283.9,1307.5,1330.1,1355.6,1383.5,1410.9,1442.0,1474.3
1714401,Namangan shahar,Город Наманган,Namangan city,232.2,236.3,239.8,287.6,292.0,297.5,304.0,312.9,320.9,329.2
1714204,Mingbuloq tumani,Мингбулакский район,Mingbuloq  district,55.2,56.3,57.4,58.3,59.3,60.6,61.8,63.1,64.5,65.8
1714207,Kosonsoy tumani,Касансайский район,Kosonsoy district,90.7,92.5,94.3,96.3,98.0,99.9,102.1,104.4,106.7,109.2
1714212,Namangan tumani,Наманганский район,Namangan district,104.1,106.6,109.1,81.9,83.6,85.6,87.4,88.0,89.9,92.0
1714216,Norin tumani,Нарынский район,Norin district,72.5,73.8,74.9,76.0,77.3,78.7,80.2,81.5,83.1,84.7
1714219,Pop tumani,Папский район,Pop district,98.1,100.0,101.8,103.5,105.3,107.0,108.9,110.8,112.9,115.0
1714224,To'raqo'rg'on tumani,Туракурганский район,To'raqo'rg'on district,98.5,100.7,102.9,105.1,107.2,109.3,111.6,112.8,115.4,118.4
1714229,Uychi tumani,Уйчинский район,Uychi district,103.6,106.0,108.2,100.0,101.8,103.9,106.2,108.4,111.1,113.6
1714234,Uchqo'rg'on tumani,Учкурганский район,Uchqo'rg'on district,76.9,78.2,79.6,81.1,82.5,84.0,85.7,87.1,88.9,90.6
1714236,Chortoq tumani,Чартакский район,Chortoq  district,89.6,91.3,93.0,93.7,95.4,97.2,99.1,101.0,102.9,104.9
1714237,Chust tumani,Чустский район,Chust district,116.9,118.9,121.1,123.0,124.9,127.1,129.5,131.6,134.2,136.7
1714242,Yangiqo'rg'on tumani,Янгикурганский район,Yangiqo'rg'on district,98.1,99.9,101.8,101.0,102.8,104.8,107.0,109.3,111.5,114.2
1718,Samarqand viloyati,Самаркандская область,Samarkand region,1720.3,1753.2,1786.6,1819.5,1852.1,1889.8,1927.7,1962.0,2002.8,2045.0
1718401,Samarqand shahar,Город Самарканд,Samarqand city,264.3,266.1,268.7,270.8,273.6,277.8,281.9,284.6,289.6,295.2
1718406,Kattaqo'rg'on shahar,Город  Каттакурган,Kattaqo'rg'on city,41.3,41.9,42.5,43.2,43.6,44.1,44.9,45.4,46.0,46.7
1718203,Oqdaryo tumani,Акдарьинский район,Oqdaryo district,70.1,71.6,73.1,74.6,76.1,77.3,78.7,80.1,81.7,83.7
1718206,Bulung'ur tumani,Булунгурский район,Bulung'ur district,80.7,82.6,84.5,86.3,87.8,89.7,91.3,92.9,94.8,96.8
1718209,Jomboy tumani,Джомбойский район,Jomboy district,73.0,74.8,76.7,78.5,80.6,82.9,85.1,87.2,89.4,91.6
1718212,Ishtixon tumani,Иштыханский район,Ishtixon district,110.9,113.2,115.6,118.0,120.4,123.1,125.9,128.2,131.4,134.2
1718215,Kattaqo'rg'on tumani,Каттакурганский район,Kattaqo'rg'on district,119.6,122.0,124.4,126.7,129.2,131.7,134.2,136.3,139.0,141.7
1718216,Qo'shrabot tumani,Кошрабадский район,Qo'shrabot district,56.3,57.8,59.1,60.3,61.5,62.9,64.3,65.5,66.8,68.1
1718218,Narpay tumani,Нарпайский район,Narpay district,93.3,95.1,97.1,99.0,100.7,102.5,104.4,106.0,107.7,109.8
1718224,Payariq tumani,Пайарыкский район,Payariq district,108.2,110.2,111.9,113.9,115.7,118.1,120.5,122.9,125.6,128.7
1718227,Pastdarg'om tumani,Пастдаргомский район,Pastdarg'om district,156.0,159.2,162.5,166.0,169.3,172.5,175.9,179.2,182.8,186.5
1718230,Paxtachi tumani,Пахтачийский район,Paxtachi  district,66.2,67.2,68.2,69.2,70.1,71.3,72.6,73.5,74.4,75.3
1718233,Samarqand tumani,Самаркандский район,Samarqand district,110.1,112.8,114.8,117.3,119.3,121.8,124.3,126.9,129.4,132.2
1718235,Nurobod tumani,Нурабадский район,Nurobod  district,66.6,68.0,69.3,70.5,71.7,73.2,74.5,75.8,77.6,79.1
1718236,Urgut tumani,Ургутский район,Urgut district,216.6,221.6,227.0,232.0,237.5,243.8,249.8,255.8,262.3,268.6
1718238,Tayloq tumani,Тайлакский район,Tayloq  district,87.1,89.1,91.2,93.2,95.0,97.1,99.4,101.7,104.3,106.8
1722,Surxondaryo viloyati,Сурхандарьинская область,Surkhandarya region,1146.1,1170.1,1195.1,1219.8,1244.9,1271.8,1300.7,1326.1,1356.2,1387.2
1722401,Termiz shahar,Город Термез,Termiz  city,69.4,70.2,71.1,72.2,73.2,73.8,91.0,92.6,96.0,99.4
1722201,Oltinsoy tumani,Алтынсайский район,Oltinsoy district,74.9,76.6,78.3,80.1,81.8,83.7,85.8,87.7,89.5,91.3
1722202,Angor tumani,Ангорский район,Angor district,58.4,59.6,61.0,62.1,63.6,64.7,66.1,67.3,68.5,70.1
1722203,Bandixon tumani,Бандыханский район,Bandixon district,0.0,0.0,0.0,0.0,0.0,0.0,36.5,37.6,38.7,39.7
1722204,Boysun tumani,Байсунский район,Boysun district,52.3,53.3,54.3,55.4,56.4,57.5,56.3,57.3,58.4,59.5
1722207,Muzrabot tumani,Музрабадский район,Muzrabot district,62.9,64.4,65.9,67.0,68.6,69.9,71.3,72.7,74.2,75.8
1722210,Denov tumani,Денауский район,Denov district,170.3,173.7,177.2,180.9,184.5,184.0,188.3,192.0,195.6,200.2
1722212,Jarqo'rg'on tumani,Джаркурганский район,Jarqo'rg'on district,94.6,96.4,97.8,99.8,101.7,103.9,106.1,108.1,110.3,112.9
1722214,Qumqo'rg'on tumani,Кумкурганский район,Qumqo'rg'on district,103.2,105.4,107.8,110.1,112.4,119.9,118.1,120.6,122.9,125.6
1722215,Qiziriq tumani,Кизирикский район,Qiziriq district,73.4,75.2,77.2,79.3,81.3,83.9,56.5,57.6,58.8,59.9
1722217,Sariosiyo tumani,Сариасийский  район,Sariosiyo district,90.8,92.8,95.0,96.9,98.9,101.3,104.9,106.8,109.0,111.3
1722220,Termiz tumani,Термезский район,Termiz district,47.3,48.2,49.2,50.2,51.6,53.0,38.3,39.1,39.9,40.8
1722221,Uzun tumani,Узунский район,Uzun district,76.2,78.0,79.8,81.4,83.0,83.4,83.9,85.1,87.8,89.7
1722223,Sherobod tumani,Шерабадский район,Sherobod district,84.0,85.7,87.5,89.4,91.1,93.0,95.3,97.3,99.7,101.7
1722226,Sho'rchi tumani,Шурчинский район,Sho'rchi district,88.4,90.6,93.0,95.0,96.8,99.8,102.3,104.3,106.9,109.3
1724,Sirdaryo viloyati,Сырдарьинская область,Syrdarya region,380.0,386.6,393.5,399.5,406.1,413.2,421.4,428.7,437.5,446.4
1724401,Guliston shahar,Город Гулистан,Guliston city,42.5,42.9,43.5,44.0,44.3,44.6,45.3,45.6,46.7,48.1
1724410,Shirin shahar,Город Ширин,Shirin city,9.1,9.2,9.3,9.4,9.5,9.4,9.6,9.7,9.7,9.8
1724413,Yangiyer shahar,Город Янгиер,Yangiyer city,19.0,19.5,19.9,20.3,20.8,21.2,21.7,22.2,22.8,23.6
1724206,Oqoltin tumani,Акалтынский район,Oqoltin  district,23.2,23.6,24.0,24.5,24.9,25.3,25.8,26.3,26.8,27.3
1724212,Boyovut tumani,Баяутский район,Boyovut district,57.7,58.8,59.8,60.8,61.8,62.9,64.1,65.0,66.2,67.3
1724216,Sayxunobod tumani,Сайхунабадский район,Sayxunobod district,34.9,35.5,36.2,36.7,37.4,38.0,38.6,39.3,40.1,40.9
1724220,Guliston tumani,Гулистанский район,Guliston district,32.4,33.0,33.5,33.9,34.7,35.7,36.7,37.5,38.4,39.3
1724226,Sardoba tumani,Сардобинский район,Sardoba district,29.0,29.5,30.1,30.6,31.3,31.9,32.4,33.0,33.7,34.2
1724228,Mirzaobod tumani,Мирзаабадский район,Mirzaobod district,30.4,31.2,31.9,32.8,33.3,34.2,35.1,36.1,37.0,37.9
1724231,Sirdaryo tumani,Сырдарьинский район,Sirdaryo district,58.4,59.4,60.5,61.1,62.0,63.0,64.4,65.4,66.5,67.7
1724235,Xovos tumani,Хавастский район,Xovos district,43.4,44.0,44.8,45.4,46.1,47.0,47.7,48.6,49.6,50.3
1727,Toshkent viloyati,Ташкентская область,Tashkent region,1365.9,1381.3,1398.0,1414.3,1429.5,1447.0,1467.7,1484.0,1465.8,1491.3
1727401,Nurafshon shahar,Город Нурафшан,Nurafshan city,0.0,0.0,0.0,0.0,24.0,24.2,24.5,25.8,26.5,27.2
1727404,Olmaliq shahar,Город Алмалык,Olmaliq city,62.1,62.9,63.9,64.8,65.7,66.6,67.6,68.8,69.7,73.0
1727407,Angren shahar,Город Ангрен,Angren city,88.0,89.2,90.6,91.9,92.2,93.4,94.6,96.0,87.2,89.3
1727413,Bekobod shahar,Город Бекабад,Bekobod  city,45.5,45.9,46.4,46.7,47.3,48.1,48.9,49.4,50.9,51.8
1727419,Chirchiq shahar,Город Чирчик,Chirchik city,76.2,76.7,77.3,78.2,78.7,79.2,79.9,82.7,83.6,85.2
1727415,Ohangaron shahar,Город Ахангаран,Ohangaron city,0.0,0.0,0.0,0.0,18.4,18.6,19.0,19.6,20.1,20.5
1727424,Yangiyo'l shahar,Город Янгиюль,Yangiyul city,0.0,0.0,0.0,0.0,30.5,30.6,31.0,31.7,41.0,42.1
1727206,Oqqoʻrgʻon tumani,Аккурганский район,Akkurgan district,49.3,49.9,50.6,51.2,51.7,52.4,53.1,53.8,54.7,55.6
1727212,Ohangaron tumani,Ахангара́нский район,Ohangaron district,62.1,62.9,63.4,63.8,46.1,46.7,47.3,47.9,53.0,54.1
1727220,Bekobod tumani,Бекабадский район,Bekabad district,71.5,72.7,73.7,74.8,75.6,76.6,77.8,78.8,79.3,80.6
1727224,Boʻstonliq tumani,Бостанлыкский район,Bostanliq district,80.1,80.6,81.2,81.5,82.2,82.8,83.5,84.7,85.4,86.7
1727228,Boʻka tumani,Букинский район,Bo'ka district,57.8,58.3,58.9,59.6,60.2,61.1,61.9,62.9,64.1,65.3
1727233,Quyichirchiq tumani,Куйичирчикский район,Quyichirchiq district,49.4,49.8,50.4,51.0,51.4,52.1,52.9,54.0,54.8,55.9
1727237,Zangiota tumani,Зангиатинский район,Zangiota district,173.1,175.0,177.2,179.2,93.2,94.0,95.2,93.9,79.6,80.1
1727239,Yuqorichirchiq tumani,Юкоричирчикский район,Yuqori Chirchiq district,61.7,62.5,63.5,64.5,65.5,66.3,67.5,69.3,68.5,68.6
1727248,Qibray tumani,Кибрайский район,Qibray district,93.4,94.3,95.3,96.7,97.7,99.0,100.5,101.4,86.8,86.6
1727249,Parkent tumani,Паркентский район,Parkent district,69.2,70.5,71.7,72.8,74.0,75.2,76.5,77.8,85.1,86.6
1727250,Piskent tumani,Пскентский район,Piskent district,47.2,47.5,47.8,48.1,48.5,49.0,49.7,50.3,50.9,50.0
1727253,O‘rtachirchiq tumani,Уртачирчикский район,O'rta Chirchiq district,90.7,91.8,92.9,94.1,72.6,73.6,75.0,71.5,66.6,67.5
1727256,Chinoz tumani,Чиназский район,Chinoz district,61.3,62.1,63.0,63.8,64.6,65.5,66.5,67.7,69.3,71.1
1727259,Yangiyoʻl tumani,Янгиюльский район,Yangiyul district,127.3,128.7,130.2,131.6,102.6,104.3,105.8,105.6,96.3,98.6
1727265,Toshkent tumani,Ташкентский район,Tashkent district,0.0,0.0,0.0,0.0,86.8,87.7,89.0,90.4,92.4,94.9
1730,Farg'ona viloyati,Ферганская область,Fergana region,1685.0,1713.1,1742.5,1771.2,1797.8,1828.3,1861.7,1895.0,1931.8,1970.7
1730401,Farg'ona shahar,Город Фергана,Fergana city,133.9,135.5,136.9,138.6,140.6,143.4,146.2,148.6,151.5,159.5
1730405,Qo'qon shahar,Город Коканд,Kokand city,120.0,121.7,123.0,124.4,125.5,127.1,129.1,131.0,132.5,154.5
1730408,Quvasoy shahar,Город Кувасай,Quvasoy city,42.0,42.7,43.5,44.2,44.8,45.6,46.3,47.2,48.2,49.3
1730412,Marg'ilon shahar,Город Маргилан,Margilan city,107.7,109.4,110.9,112.3,113.9,115.1,117.1,119.0,120.7,122.5
1730203,Oltiariq tumani,Алтыарыкский район,Oltiariq district,94.3,95.7,97.0,98.2,99.5,101.2,103.1,105.0,107.3,109.4
1730206,Qo'shtepa tumani,Куштепинский район,Qo'shtepa  district,82.9,84.3,85.9,87.4,88.6,90.3,92.0,94.0,96.4,99.0
1730209,Bog'dod tumani,Багдадский район,Baghdad district,95.5,97.3,99.5,101.7,103.5,105.6,107.8,110.0,112.1,114.3
1730212,Buvayda tumani,Бувайдинский район,Buvayda district,99.5,101.2,103.3,105.3,107.0,108.8,110.9,113.0,115.5,118.1
1730215,Beshariq tumani,Бешарыкский район,Besharik district,101.2,102.8,104.7,106.5,108.1,110.0,112.1,113.8,115.7,117.6
1730218,Quva tumani,Кувинский район,Quva district,114.8,116.9,119.0,121.1,123.0,125.1,127.3,129.3,131.4,133.6
1730221,Uchko'prik tumani,Учкуприкский район,Uchkuprik district,102.6,104.3,106.3,108.4,110.3,112.4,114.4,116.5,119.2,118.5
1730224,Rishton tumani,Риштанский район,Rishtan district,88.8,90.4,92.1,93.8,95.5,97.2,99.0,100.6,102.5,104.4
1730226,So'x tumani,Сохский район,Sokh district,34.1,34.8,35.6,36.3,36.9,37.6,38.2,38.9,39.6,40.3
1730227,Toshloq tumani,Ташлакский район,Toshloq district,88.1,89.7,91.5,93.3,95.0,96.8,98.6,100.6,102.7,104.9
1730230,O'zbekiston tumani,Узбекистанский район,District of Uzbekistan,106.2,108.3,110.4,112.2,113.9,115.8,118.0,120.1,122.1,114.2
1730233,Farg'ona tumani,Ферганский район,Fergana district,95.6,96.8,98.0,99.3,100.6,102.2,104.1,106.2,108.5,106.4
1730236,Dang'ara tumani,Дангаринский район,Dangara district,77.5,78.9,80.3,81.7,82.8,84.1,85.8,87.5,89.7,85.5
1730238,Furqat tumani,Фуркатский район,Furqat district,52.0,53.1,54.3,55.2,56.2,57.0,57.6,58.6,59.9,61.2
1730242,Yozyovon tumani,Язъяванский район,Yozyovon district,48.3,49.3,50.3,51.3,52.1,53.0,54.1,55.1,56.3,57.5
1733,Xorazm viloyati,Хорезмская область,Khorezm region,843.8,859.2,874.5,889.1,903.0,918.0,933.1,946.5,961.7,978.4
1733401,Urganch shahar,Город Ургенч,Urganch city,68.5,68.7,68.9,69.2,69.7,70.4,71.5,72.1,73.0,74.8
1733406,Xiva shahar,Город Хива,Khiva city,0.0,0.0,0.0,0.0,45.0,45.8,46.5,47.1,48.1,48.9
1733204,Bog'ot tumani,Багатский район,Bog'ot district,74.6,76.0,77.6,78.8,80.1,81.4,82.8,84.2,85.6,87.1
1733208,Gurlan tumani,Гурленский район,Gurlan district,66.3,67.5,68.8,69.7,70.7,71.9,72.9,73.8,75.0,76.2
1733212,Qo'shko'pir tumani,Кушкупырский район,Qo'shko'pir district,76.1,77.8,79.4,80.9,82.1,83.6,85.1,86.1,87.3,88.7
1733217,Urganch tumani,Ургенчский район,Urganch district,88.2,90.1,91.9,93.8,95.8,97.7,99.4,101.4,103.5,105.4
1733220,Xazorasp tumani,Хазараспский район,Xazorasp district,112.6,114.7,116.7,118.7,120.4,122.4,124.4,98.6,99.5,101.2
1733221,Tuproqqal'a tumani,Тупраккалинский район,Tuproqqal'a district,0.0,0.0,0.0,0.0,0.0,0.0,0.0,27.6,28.7,29.4
1733223,Xonqa tumani,Ханкинский район,Xonqa district,82.9,84.5,85.9,87.7,89.1,90.5,91.9,93.2,94.9,96.4
1733226,Xiva tumani,Хивинский район,Khiva district,107.7,109.9,112.0,114.0,70.6,71.9,73.0,74.3,75.3,76.4
1733230,Shovot tumani,Шаватский район,Shovot district,75.8,77.4,79.0,80.4,81.9,83.3,84.8,85.9,87.2,88.6
1733233,Yangiariq tumani,Янгиарыкский район,Yangiariq district,51.5,52.4,53.4,54.3,55.3,56.2,57.2,58.1,58.9,59.9
1733236,Yangibozor tumani,Янгибазарский район,Yangibozor district,39.6,40.2,40.9,41.6,42.3,42.9,43.6,44.1,44.7,45.4
1726,Toshkent shahri,город Ташкент,Tashkent city,1207.1,1216.8,1227.6,1242.5,1262.4,1284.7,1315.2,1375.7,1458.4,1506.7
1726262,Uchtepa tumani,Учтепинский район,Uchtepa district,127.6,128.6,129.7,130.8,133.0,134.5,137.8,140.4,144.2,147.9
1726264,Bektemir tumani,Бектемирский район,Bektemir district,16.0,16.4,16.6,17.1,17.4,17.9,18.2,16.5,25.2,28.8
1726266,Yunusobod tumani,Юнусабадский район,Yunusobod district,160.9,162.0,163.4,165.4,168.0,170.9,175.3,181.4,185.0,189.0
1726269,Mirzo Ulug‘bek tumani,Мирзо Улугбекский район,Mirzo Ulug‘bek district,131.3,131.7,132.2,133.3,134.7,136.3,138.5,143.1,155.8,162.1
1726273,Mirobod tumani,Мирабадский район,Mirobod district,66.6,67.0,67.4,68.2,69.3,70.6,71.5,73.6,75.1,76.9
1726277,Shayxontohur tumani,Шайхантахурский район,Shayxontohur district,157.8,160.2,162.6,165.4,167.9,171.8,173.5,178.1,181.2,184.3
1726280,Olmazor tumani,Алмазарский район,Olmazor district,171.9,174.2,176.6,179.4,182.3,185.2,188.4,194.0,198.3,203.1
1726283,Sirg'ali tumani,Сергелийский район,Sirg'ali district,85.4,86.2,87.5,89.0,91.3,94.4,102.0,53.8,69.5,81.9
1726287,Yakkasaroy tumani,Яккасарайский район,Yakkasaroy district,58.9,59.2,59.3,59.5,60.4,61.1,60.9,62.1,63.2,64.6
1726290,Yashnobod tumani,Яшнабадский район,Yashnobod district,112.8,112.9,113.4,114.3,116.4,118.6,123.6,132.1,143.4,147.7
1726292,Yangihayot tumani,Янгихаётский район,Yangihayot district,0.0,0.0,0.0,0.0,0.0,0.0,0.0,68.7,82.9,83.2
1726294,Chilonzor tumani,Чиланзарский район,Chilonzor district,117.9,118.4,118.9,120.1,121.7,123.4,125.5,131.9,134.6,137.2
