Code,Klassifikator,Klassifikator_ru,Klassifikator_en,2010,2011,2012,2013,2014,2015,2016,2017,2018,2019,2020,2021,2022,2023
1700,O'zbekiston Respublikasi,Республика Узбекистан,Republic of Uzbekistan,14015.0,14568.4,14792.5,15018.7,15277.5,15552.2,15838.9,16121.0,16397.9,16710.6,17045.3,17378.4,17744.2,18128.6
1735,Qoraqalpog'iston Respublikasi,Республика Каракалпакстан,The Republic of Karakalpakstan,820.1,839.9,846.5,856.5,869.3,883.5,898.1,911.8,924.5,938.4,953.1,965.8,978.5,992.6
1735401,Nukus shahri,Город Нукус,Nukus city,132.8,138.7,140.0,141.6,144.5,147.6,149.5,151.4,153.2,155.2,157.8,159.9,162.7,165.5
1735204,Amudaryo tumani,Амударьинский район,Amudarya district,82.6,87.3,88.3,89.7,90.9,92.5,94.3,95.9,97.4,99.2,101.1,102.1,103.9,105.8
1735207,Beruniy tumani,Берунийский район,Beruniy  district,80.3,81.2,82.3,83.7,85.3,87.1,88.9,90.6,92.4,94.2,96.1,97.6,99.1,101.1
1735209,Bo‘zatov tumani,Бозатовский район,Bo‘zatov district,0.0,0.0,0.0,0.0,0.0,0.0,0.0,0.0,0.0,0.0,10.9,11.0,11.1,11.1
1735211,Qorao‘zak tumani,Караузякский район,Qorao‘zak district,23.0,24.5,24.8,25.1,25.3,25.7,26.0,26.3,26.5,26.8,27.0,27.2,27.4,27.7
1735212,Kegeyli tumani,Кегейлийский район,Kegeyli district,40.9,41.8,42.1,42.5,43.0,43.4,44.0,44.7,45.0,45.3,37.1,37.5,37.7,38.0
1735215,Qo‘ng‘irot tumani,Кунградский район,Qo‘ng‘irot district,58.9,59.9,60.1,60.7,61.6,62.5,63.3,64.2,65.0,65.8,66.6,67.5,68.2,69.1
1735218,Qanliko'l tumani,Канлыкульский район,Qanliko'l district,21.9,23.0,23.1,23.3,23.7,24.1,24.4,24.8,25.1,25.4,25.8,26.2,26.5,26.9
1735222,Mo‘ynoq tumani,Муйнакский район,Mo‘ynoq  district,14.1,14.6,14.8,14.9,15.0,15.1,15.4,15.6,15.7,15.9,16.2,16.4,16.7,16.9
1735225,Nukus tumani,Нукусский район,Nukus district,23.8,22.6,22.5,22.7,22.7,22.9,23.4,23.9,24.5,24.9,25.4,25.9,26.3,26.8
1735228,Taxiatosh tumani,Тахиаташский район,Taxiatosh district,0.0,0.0,0.0,0.0,0.0,0.0,0.0,0.0,35.6,36.1,36.6,37.0,37.4,37.8
1735230,Taxtako‘pir tumani,Тахтакупырский район,Taxtako‘pir district,19.7,20.1,19.6,19.5,19.6,19.7,19.8,20.0,20.2,20.3,20.4,20.5,20.6,19.9
1735233,To'rtko'l tumani,Турткульский район,To'rtko'l district,88.4,90.6,92.1,93.7,95.6,97.4,99.2,100.8,102.5,104.5,106.4,108.1,109.7,111.5
1735236,Xo‘jayli tumani,Ходжейлийский район,Xo‘jayli district,95.8,90.5,90.1,90.2,91.0,92.1,93.3,94.4,59.8,60.6,61.4,62.2,62.8,63.6
1735240,Chimboy tumani,Чимбайский район,Chimboy district,52.1,53.3,53.8,54.5,55.1,55.8,56.8,57.6,58.2,58.9,57.1,57.7,57.9,58.4
1735243,Shumanay tumani,Шуманайский район,Shumanay district,20.6,25.9,26.0,26.2,26.5,26.7,27.1,27.3,27.6,27.8,28.1,28.4,28.6,28.9
1735250,Ellikqala tumani,Элликкалинский район,Ellikqala district,65.2,65.9,66.9,68.2,69.5,70.9,72.7,74.3,75.8,77.5,79.1,80.6,81.9,83.6
1703,Andijon viloyati,Андижанская область,Andijan region,1276.6,1345.8,1367.5,1389.4,1415.1,1441.8,1469.3,1496.1,1521.4,1552.3,1583.5,1614.1,1647.6,1683.1
1703401,Andijon shahar,Город Андижан,Andijon city,186.0,193.4,196.1,198.7,201.7,205.1,208.3,211.4,214.3,218.2,222.2,226.5,230.9,235.8
1703408,Xonobod shahar,Город Ханабад,Xonobod  city,18.4,18.9,19.1,19.4,19.6,19.9,20.1,20.4,20.6,20.9,21.3,21.6,21.9,22.5
1703202,Oltinko'l tumani,Алтынкульский район,Oltinko'l  district,71.0,74.7,76.1,77.5,79.0,80.7,82.2,83.8,85.4,87.3,89.3,91.2,93.4,95.5
1703203,Andijon tumani,Андижанский район,Andijon district,105.4,109.0,110.9,113.1,115.2,117.5,120.2,122.8,125.1,128.0,130.8,133.5,136.8,139.8
1703206,Baliqchi tumani,Балыкчинский район,Baliqchi district,79.9,86.0,87.5,88.9,90.6,92.5,94.3,96.0,97.7,99.6,101.6,103.5,105.6,107.8
1703209,Bo'ston tumani,Бустанский район,Bo'ston district,28.5,30.8,31.2,31.7,32.4,33.0,33.7,34.3,34.9,35.6,36.3,36.9,37.7,38.5
1703210,Buloqboshi tumani,Булакбашинский район,Buloqboshi district,57.9,62.2,63.0,63.9,65.0,66.3,67.5,68.5,69.7,70.9,72.2,73.6,74.8,76.3
1703211,Jalаquduq tumani,Джалакудукский район,Jalаquduq district,76.9,81.0,82.3,83.5,84.8,86.3,87.8,89.4,90.8,92.5,94.1,95.7,97.6,99.5
1703214,Izboskan tumani,Избасканский район,Izboskan district,98.2,101.8,103.6,105.2,107.2,109.2,111.4,113.6,115.5,117.9,120.2,122.5,124.9,127.5
1703217,Ulug'nor tumani,Улугнорский район,Ulug'nor district,24.9,25.0,25.4,25.9,26.5,27.0,27.5,28.0,28.4,28.9,29.6,30.2,30.9,31.5
1703220,Qo'rg'ontepa tumani,Кургантепинский район,Qo'rg'ontepa district,86.6,92.9,94.3,95.8,97.6,99.1,100.9,102.7,104.3,106.3,108.2,110.1,112.0,114.0
1703224,Asaka tumani,Асакинский район,Asaka district,129.3,138.8,141.0,143.4,146.3,149.3,152.3,155.1,158.0,161.4,164.8,168.1,172.0,175.8
1703227,Marxamat tumani,Мархаматский район,Marxamat district,70.0,74.6,75.7,76.9,78.3,79.6,81.2,82.7,84.3,85.9,87.7,89.3,91.2,93.2
1703230,Shaxrixon tumani,Шахриханский район,Shaxrixon district,120.4,127.0,129.2,131.4,134.2,137.0,139.9,142.7,145.4,148.7,151.9,155.0,158.2,162.1
1703232,Paxtaobod tumani,Пахтаабадский район,Paxtaobod district,77.7,81.8,83.3,84.7,86.4,88.1,89.8,91.7,93.3,95.4,97.4,99.3,101.4,103.5
1703236,Xo'jaobod tumani,Ходжаабадский район,Xo'jaobod district,45.5,47.9,48.8,49.4,50.3,51.2,52.2,53.0,53.7,54.8,55.9,57.1,58.3,59.8
1706,Buxoro viloyati,Бухарская область,Bukhara region,802.9,837.6,849.7,861.6,876.0,891.3,906.9,921.7,935.6,948.3,963.5,975.2,990.4,1007.3
1706401,Buxoro shahar,Город Бухара,Buxoro city,135.7,131.6,132.7,133.2,134.1,134.8,135.7,136.6,137.0,137.9,139.2,139.7,140.9,143.5
1706403,Kogon shahar,Город Каган,Kogon city,26.8,27.3,27.6,27.9,28.3,28.5,28.8,29.0,29.2,29.5,29.7,30.0,30.3,31.0
1706204,Olot tumani,Aлатский район,Olot  district,40.2,42.7,43.2,43.9,44.7,45.6,46.4,47.3,48.0,48.8,49.5,50.1,50.8,51.5
1706207,Buxoro tumani,Бухарский район,Buxoro district,63.7,69.8,71.1,72.5,74.1,75.7,77.1,78.7,80.3,81.9,83.4,84.7,86.3,87.6
1706212,Vobkent tumani,Вабкентский район,Vobkent district,57.9,59.9,60.9,61.8,62.9,64.1,65.4,66.5,67.6,68.9,70.1,71.0,72.3,73.4
1706215,G'ijduvon tumani,Гиждуванский район,G'ijduvon district,125.4,136.2,138.2,140.1,142.6,145.3,148.0,150.5,153.1,152.6,155.0,156.9,159.3,162.2
1706219,Kogon tumani,Каганский район,Kogon district,30.7,32.0,32.5,33.0,33.6,34.4,35.1,35.9,36.8,37.7,38.6,39.3,40.3,41.0
1706230,Qorako'l tumani,Каракульский район,Qorako'l district,65.1,69.4,70.5,71.3,72.4,73.9,75.5,76.9,78.1,79.6,80.9,81.6,82.7,84.0
1706232,Qorovulbozor tumani,Караулбазарский район,Qorovulbozor district,7.5,7.7,7.7,7.8,8.0,8.2,8.4,8.6,8.8,8.9,9.1,9.2,9.5,9.7
1706240,Peshku tumani,Пешкунский  район,Peshku district,49.6,51.5,52.4,53.4,54.4,55.6,56.8,57.9,58.9,60.1,61.3,62.3,63.5,64.6
1706242,Romitan tumani,Ромитанский район,Romitan district,57.9,61.0,61.8,62.9,64.1,65.2,66.4,67.7,68.9,70.2,71.5,72.8,74.1,75.5
1706246,Jondor tumani,Жондорский район,Jondor  district,69.8,72.4,73.6,74.9,76.5,78.2,79.8,81.2,82.7,84.5,86.0,87.4,88.8,90.3
1706258,Shofirkon tumani,Шафирканский район,Shofirkon district,72.6,76.1,77.5,78.9,80.3,81.8,83.5,84.9,86.2,87.7,89.2,90.2,91.6,93.0
1708,Jizzax viloyati,Джизакская область,Jizzakh region,558.8,584.0,594.1,603.9,615.2,627.2,640.7,653.7,666.1,680.3,695.6,710.4,727.6,744.1
1708401,Jizzax shahar,Город Джизак,Jizzakh city,75.9,78.7,79.5,80.4,81.4,82.4,83.7,84.8,85.9,87.2,88.7,90.2,92.6,95.7
1708201,Arnasoy tuman,Арнасайский район,Arnasoy district,19.4,20.3,20.7,20.9,21.2,21.5,21.8,22.2,22.4,22.8,23.2,23.5,24.0,24.4
1708204,Baxmal tumani,Бахмальский район,Baxmal district,62.9,64.8,66.0,67.3,68.8,70.3,72.2,74.2,75.6,77.4,79.1,81.1,83.2,85.1
1708209,G'allaorol tumani,Галляаральский район,G'allaorol district,69.2,72.4,73.6,74.8,76.2,77.8,79.4,80.9,82.4,84.1,86.1,87.9,90.1,92.2
1708212,Sharof Rashidov tumani,Шараф-Рашидовский  район,Sharof Rashidov  district,85.9,89.1,91.1,93.2,95.2,97.4,99.8,102.2,104.9,108.0,111.3,114.3,117.3,119.7
1708215,Do'stlik tumani,Дустликский район,Do'stlik district,27.1,27.6,28.1,28.6,29.1,29.6,30.2,30.7,31.2,31.7,32.2,32.8,33.4,33.9
1708218,Zomin tumani,Зааминский район,Zomin district,69.5,74.8,76.2,77.5,79.0,80.7,82.5,84.3,78.6,80.5,82.4,84.3,86.6,88.6
1708220,Zarbdor tumani,Зарбдарский район,Zarbdor district,26.4,29.2,29.7,30.2,30.8,31.6,32.4,33.3,41.5,42.5,43.6,44.7,45.9,46.9
1708223,Mirzacho'l tumani,Мирзачульский район,Mirzacho'l district,20.3,20.7,21.1,21.6,22.0,22.6,23.2,23.7,24.2,24.7,25.3,25.8,26.3,26.8
1708225,Zafarobod tumani,Зафарабадский район,Zafarobod district,21.0,21.7,22.1,22.4,22.8,23.1,23.5,24.0,24.3,24.7,25.2,25.6,26.2,26.7
1708228,Paxtakor tumani,Пахтакорский район,Paxtakor district,31.2,32.2,32.7,33.1,33.8,34.3,35.0,35.6,36.2,36.8,37.5,38.2,39.1,40.0
1708235,Forish tumani,Фаришский район,Forish district,38.2,40.3,40.9,41.4,42.1,43.0,43.8,44.4,45.3,46.0,46.8,47.6,48.3,49.2
1708237,Yangiobod tumani,Янгиабадский район,Yangiobod district,11.8,12.2,12.4,12.5,12.8,12.9,13.2,13.4,13.6,13.9,14.2,14.4,14.6,14.9
1710,Qashqadaryo viloyati,Кашкадарьинская область,Kashkadarya region,1311.3,1367.4,1395.9,1424.1,1458.2,1491.5,1526.1,1558.8,1589.6,1623.9,1659.2,1687.5,1725.3,1763.7
1710401,Qarshi  shahar,Город Карши,Qarshi  city,120.8,120.5,122.6,124.6,126.8,128.6,130.1,131.8,133.5,135.3,137.5,139.1,141.7,144.6
1710405,Shahrisabz shahar,Город Шахрисабз,Shakhrisabz city,0.0,0.0,0.0,0.0,0.0,0.0,0.0,0.0,68.1,69.5,70.5,71.4,72.5,73.6
1710240,Ko'kdala,Кукдала,Ko'kdala,0.0,0.0,0.0,0.0,0.0,0.0,0.0,0.0,0.0,0.0,0.0,0.0,0.0,94.1
1710207,G'uzor tumani,Гузарский район,G'uzor district,81.4,86.5,87.9,89.7,91.6,93.5,95.6,97.5,99.2,101.1,103.2,105.4,107.8,110.3
1710212,Dehqonobod tuman,Дехканабадский район,Dehqonobod  district,58.8,60.3,61.5,63.0,64.6,66.0,67.6,69.2,70.7,72.4,74.1,75.7,77.6,79.4
1710220,Qamashi tuman,Камашинский район,Qamashi district,106.1,111.3,113.8,116.3,119.3,122.4,125.6,128.4,131.0,133.9,137.2,139.2,142.4,145.7
1710224,Qarshi tuman,Каршинский район,Qarshi district,97.6,99.0,101.9,104.6,107.2,109.8,112.7,115.3,117.4,120.0,122.9,125.5,128.9,132.1
1710229,Koson tuman,Касанский район,Koson district,113.8,118.0,120.5,123.2,126.1,128.9,131.9,134.9,137.7,140.9,144.1,147.4,150.9,154.7
1710232,Kitob tuman,Китабский район,Kitob district,104.1,111.0,113.5,115.6,118.7,121.5,124.3,126.6,129.1,131.7,134.2,135.4,137.9,140.6
1710233,Mirishkor tuman,Миришкорский район,Mirishkor district,48.3,51.6,52.5,53.4,54.4,55.4,56.5,57.5,58.6,59.7,60.9,62.0,63.3,64.7
1710234,Muborak tumani,Мубарекский район,Muborak district,34.8,37.1,37.8,38.5,39.2,39.8,40.5,41.1,41.9,42.8,43.7,44.6,45.7,46.5
1710235,Nishon tumani,Нишанский  район,Nishon district,54.9,61.0,62.2,63.6,65.0,66.9,68.7,70.5,72.5,74.4,76.2,77.9,79.6,81.3
1710237,Kasbi tumani,Касбийский  район,Kasbi district,76.3,82.5,84.1,85.6,87.6,89.6,91.7,93.9,95.8,97.8,100.0,101.9,104.1,106.3
1710242,Chiroqchi tumani,Чиракчинский район,Chiroqchi  district,158.5,163.9,168.1,171.8,176.7,181.8,187.1,192.1,197.3,202.8,208.6,213.5,219.9,131.9
1710245,Shahrisabz tumani,Шахрисабзский район,Shahrisabz district,150.4,154.9,157.6,160.5,164.4,167.9,171.4,174.8,109.2,111.1,112.9,113.8,115.7,117.6
1710250,Yakkabog' tumani,Яккабагский район,Yakkabog' district,105.5,109.8,111.9,113.7,116.6,119.4,122.4,125.2,127.6,130.5,133.2,134.7,137.3,140.3
1712,Navoiy viloyati,Навоийская область,Navoi region,429.8,442.2,446.4,450.2,457.1,463.2,470.6,477.9,485.5,496.8,505.7,513.8,524.1,534.8
1712401,Navoiy shahar,Город Навои,Navoiy city,66.9,67.9,68.7,68.6,68.5,68.1,68.1,68.2,68.8,69.1,72.7,73.9,75.6,78.1
1712408,Zarafshon shahar,Город Зарафшан,Zarafshon city,39.1,40.1,39.7,39.3,40.0,40.6,41.6,42.2,43.1,43.4,44.0,44.5,44.8,45.2
1712412,G'ozg'on shahar,Город Газган,G'ozg'on city,0.0,0.0,0.0,0.0,0.0,0.0,0.0,0.0,0.0,0.0,3.9,4.7,4.8,4.9
1712211,Konimex tumani,Канимехский  район,Konimex  district,18.7,15.7,15.2,15.0,15.0,15.0,15.1,15.2,15.3,18.5,18.8,19.1,19.4,19.7
1712216,Qiziltepa tumani,Кызылтепинский район,Qiziltepa district,59.8,66.1,67.0,68.0,69.3,70.6,71.8,73.0,74.0,75.3,76.6,77.8,79.2,80.5
1712230,Navbahor shahar,Город Навбахор,Navbahor city,43.2,47.8,48.8,49.7,50.9,51.9,52.9,53.8,54.8,56.1,57.1,58.1,59.2,60.3
1712234,Karmana tumani,Карманинский район,Karmana district,51.3,51.1,52.3,53.2,54.6,56.2,57.9,59.6,61.2,63.2,62.3,63.5,65.5,67.3
1712238,Nurota tumani,Нуратинский район,Nurota district,40.2,41.3,41.8,42.3,43.0,43.8,44.5,45.3,46.0,46.8,43.8,43.8,44.6,45.2
1712244,Tomdi tumani,Тамдынский район,Tomdi district,11.1,8.4,8.1,7.8,7.6,7.4,7.3,7.3,7.2,7.3,7.4,7.7,7.8,8.1
1712248,Uchquduq tumani,Учкудукский район,Uchquduq district,19.2,18.5,18.0,17.8,18.0,17.7,18.0,18.3,18.5,18.5,18.5,18.6,19.0,19.2
1712251,Xatirchi tumani,Хатырчинский район,Xatirchi district,80.3,85.3,86.8,88.5,90.2,91.9,93.4,95.0,96.6,98.6,100.6,102.1,104.2,106.3
1714,Namangan viloyati,Наманганская область,Namangan region,1135.6,1203.0,1224.2,1244.2,1267.7,1293.7,1319.5,1344.9,1369.5,1397.3,1427.3,1456.6,1489.1,1523.2
1714401,Namangan shahar,Город Наманган,Namangan city,223.3,231.1,235.2,239.2,243.5,248.6,253.5,302.6,308.2,314.7,322.1,331.9,340.2,349.0
1714204,Mingbuloq tumani,Мингбулакский район,Mingbuloq  district,49.6,54.0,54.8,55.7,56.7,57.9,59.0,60.2,61.3,62.5,63.9,65.3,66.7,68.2
1714207,Kosonsoy tumani,Касансайский район,Kosonsoy district,80.9,88.8,90.5,92.0,94.0,95.9,97.9,99.6,101.7,104.0,106.3,108.5,111.0,113.5
1714212,Namangan tumani,Наманганский район,Namangan district,92.0,101.9,103.9,105.8,107.9,110.1,112.5,85.4,87.2,89.1,91.2,91.8,93.9,96.2
1714216,Norin tumani,Нарынский район,Norin district,65.9,71.1,72.2,73.3,74.7,76.1,77.5,78.9,80.2,81.6,83.1,84.6,86.2,87.8
1714219,Pop tumani,Папский район,Pop district,88.4,93.4,95.1,96.7,98.7,100.5,102.4,104.4,106.0,108.0,110.0,111.9,114.0,116.3
1714224,To'raqo'rg'on tumani,Туракурганский район,To'raqo'rg'on district,90.3,94.5,96.4,98.1,100.0,102.3,104.7,106.9,109.0,111.3,113.8,115.2,118.1,121.1
1714229,Uychi tumani,Уйчинский район,Uychi district,94.4,98.1,99.9,101.5,103.5,106.0,108.1,99.5,101.6,103.8,106.1,108.4,111.0,113.6
1714234,Uchqo'rg'on tumani,Учкурганский район,Uchqo'rg'on district,71.6,73.6,74.7,75.8,77.0,78.6,79.9,81.3,82.7,84.2,85.9,87.5,89.2,91.1
1714236,Chortoq tumani,Чартакский район,Chortoq  district,80.9,84.9,86.3,87.7,89.3,91.1,93.0,93.7,95.5,97.4,99.4,101.2,103.3,105.5
1714237,Chust tumani,Чустский район,Chust district,110.1,114.9,116.9,118.6,120.8,123.1,125.6,128.0,130.1,132.6,135.3,137.7,140.3,143.0
1714242,Yangiqo'rg'on tumani,Янгикурганский район,Yangiqo'rg'on district,88.2,96.7,98.3,99.8,101.6,103.5,105.4,104.4,106.0,108.1,110.2,112.6,115.2,117.9
1718,Samarqand viloyati,Самаркандская область,Samarkand region,1560.9,1633.3,1661.8,1691.1,1725.3,1761.6,1797.3,1832.2,1868.0,1909.1,1949.7,1985.7,2028.5,2073.2
1718401,Samarqand shahar,Город Самарканд,Samarqand city,199.8,192.8,239.7,241.8,244.7,247.5,250.5,253.0,256.0,260.4,264.4,267.1,272.1,277.6
1718406,Kattaqo'rg'on shahar,Город  Каттакурган,Kattaqo'rg'on city,38.7,39.4,40.0,40.1,40.7,41.3,42.1,42.8,43.3,43.9,44.7,45.2,45.9,46.7
1718203,Oqdaryo tumani,Акдарьинский район,Oqdaryo district,60.7,65.2,67.8,69.0,70.5,71.9,73.6,75.0,76.7,78.2,80.0,81.6,83.4,85.4
1718206,Bulung'ur tumani,Булунгурский район,Bulung'ur district,75.2,78.6,80.0,81.4,83.4,85.5,87.3,89.2,91.1,93.1,95.0,96.7,98.6,100.7
1718209,Jomboy tumani,Джомбойский район,Jomboy district,67.7,71.1,72.3,73.6,75.3,77.2,78.8,80.6,82.5,84.6,86.8,88.8,91.1,93.2
1718212,Ishtixon tumani,Иштыханский район,Ishtixon district,97.4,105.2,107.1,109.4,111.8,114.2,116.8,119.1,121.7,124.6,127.4,130.0,133.0,136.0
1718215,Kattaqo'rg'on tumani,Каттакурганский район,Kattaqo'rg'on district,110.0,114.9,117.1,119.5,122.1,124.7,127.3,129.9,132.5,135.3,138.1,140.4,143.3,146.2
1718216,Qo'shrabot tumani,Кошрабадский район,Qo'shrabot district,51.7,54.7,55.7,57.1,58.6,60.1,61.4,62.7,64.0,65.4,66.8,68.1,69.6,71.0
1718218,Narpay tumani,Нарпайский район,Narpay district,84.7,92.8,93.9,95.3,96.9,98.8,100.9,102.7,104.3,106.2,108.0,109.5,111.5,113.6
1718224,Payariq tumani,Пайарыкский район,Payariq district,102.1,106.4,108.4,110.4,112.6,115.1,117.6,120.3,122.9,126.0,129.0,131.7,134.7,138.2
1718227,Pastdarg'om tumani,Пастдаргомский район,Pastdarg'om district,140.0,146.7,149.5,152.4,155.8,159.3,162.8,166.1,169.6,173.5,177.3,180.8,184.6,188.5
1718230,Paxtachi tumani,Пахтачийский район,Paxtachi  district,60.1,61.2,61.9,62.7,63.7,64.9,66.0,67.2,68.4,70.0,71.3,72.5,73.5,74.7
1718233,Samarqand tumani,Самаркандский район,Samarqand district,141.5,151.5,108.4,110.4,112.9,115.5,117.5,119.7,121.9,124.5,127.2,129.6,132.1,135.1
1718235,Nurobod tumani,Нурабадский район,Nurobod  district,58.3,61.7,63.1,64.7,66.3,67.8,69.3,70.8,72.2,73.8,75.4,76.9,78.7,80.3
1718236,Urgut tumani,Ургутский район,Urgut district,195.4,207.6,212.0,216.6,221.4,227.1,232.7,238.4,244.2,250.8,257.2,263.4,270.2,277.1
1718238,Tayloq tumani,Тайлакский район,Tayloq  district,77.6,83.5,84.9,86.7,88.6,90.7,92.7,94.7,96.7,98.8,101.1,103.4,106.2,108.9
1722,Surxondaryo viloyati,Сурхандарьинская область,Surkhandarya region,1045.4,1093.7,1115.7,1137.1,1162.2,1188.2,1216.4,1242.5,1269.3,1298.1,1328.4,1354.7,1387.0,1419.3
1722401,Termiz shahar,Город Термез,Termiz  city,64.4,65.3,66.1,66.4,66.8,67.7,69.0,69.9,70.6,71.3,88.6,90.2,93.5,96.3
1722201,Oltinsoy tumani,Алтынсайский район,Oltinsoy district,67.9,73.9,75.4,77.0,78.9,80.6,82.6,84.5,86.4,88.4,90.6,92.5,94.5,96.6
1722202,Angor tumani,Ангорский район,Angor district,51.9,54.5,55.6,56.8,58.1,59.4,60.7,62.1,63.3,64.6,66.0,67.4,68.9,70.3
1722203,Bandixon tumani,Бандыханский район,Bandixon district,0.0,0.0,0.0,0.0,0.0,0.0,0.0,0.0,0.0,0.0,37.8,38.9,40.0,41.1
1722204,Boysun tumani,Байсунский район,Boysun district,48.4,50.5,51.6,52.7,53.9,55.2,56.5,57.7,58.9,60.2,59.1,60.2,61.3,62.5
1722207,Muzrabot tumani,Музрабадский район,Muzrabot district,56.2,57.2,58.5,59.9,61.3,62.7,64.3,65.8,67.0,68.5,70.1,71.5,72.9,74.6
1722210,Denov tumani,Денауский район,Denov district,158.9,165.8,168.7,171.9,175.9,179.8,184.1,188.3,192.3,191.7,196.3,200.2,204.4,209.3
1722212,Jarqo'rg'on tumani,Джаркурганский район,Jarqo'rg'on district,86.0,92.2,94.2,95.9,97.9,99.9,102.4,104.6,106.7,109.2,111.7,114.0,116.6,119.2
1722214,Qumqo'rg'on tumani,Кумкурганский район,Qumqo'rg'on district,87.5,94.2,96.1,98.0,100.3,102.7,105.2,107.3,110.1,118.0,115.7,118.0,120.8,123.6
1722215,Qiziriq tumani,Кизирикский район,Qiziriq district,68.2,70.0,71.6,73.1,74.9,77.0,79.1,81.0,83.1,85.5,57.6,58.7,60.0,61.4
1722217,Sariosiyo tumani,Сариасийский  район,Sariosiyo district,82.8,83.4,85.1,86.9,89.1,91.3,93.5,95.6,97.7,100.5,104.4,106.4,108.7,111.2
1722220,Termiz tumani,Термезский район,Termiz district,43.6,44.9,46.0,47.0,48.0,48.9,49.9,50.7,52.3,53.7,38.8,39.5,40.4,41.5
1722221,Uzun tumani,Узунский район,Uzun district,70.7,74.2,75.7,77.2,78.9,80.9,82.9,84.7,86.6,87.1,87.5,88.8,91.7,93.6
1722223,Sherobod tumani,Шерабадский район,Sherobod district,75.3,81.1,82.9,84.5,86.4,88.2,89.9,91.9,93.7,95.8,98.0,100.0,102.3,104.4
1722226,Sho'rchi tumani,Шурчинский район,Sho'rchi district,83.6,86.5,88.2,89.8,91.8,93.9,96.3,98.4,100.6,103.6,106.2,108.4,111.0,113.7
1724,Sirdaryo viloyati,Сырдарьинская область,Syrdarya region,359.1,365.0,371.2,377.1,383.8,390.5,397.1,403.6,409.8,416.7,424.9,432.2,441.1,450.2
1724401,Guliston shahar,Город Гулистан,Guliston city,38.8,40.0,40.8,41.3,41.9,42.5,43.0,43.5,43.9,44.4,45.1,45.7,46.7,48.1
1724410,Shirin shahar,Город Ширин,Shirin city,8.4,8.3,8.4,8.5,8.6,8.8,8.9,9.0,9.0,9.1,9.1,9.2,9.3,9.4
1724413,Yangiyer shahar,Город Янгиер,Yangiyer city,16.3,18.2,18.5,18.9,19.2,19.6,20.0,20.4,20.8,21.3,21.6,22.0,22.5,23.2
1724206,Oqoltin tumani,Акалтынский район,Oqoltin  district,25.2,22.4,22.8,23.2,23.7,24.1,24.5,24.8,25.3,25.6,26.2,26.6,27.2,27.7
1724212,Boyovut tumani,Баяутский район,Boyovut district,53.7,56.0,56.9,57.9,59.0,60.0,61.0,62.0,63.1,64.3,65.4,66.7,67.9,69.1
1724216,Sayxunobod tumani,Сайхунабадский район,Sayxunobod district,32.7,32.7,33.3,33.9,34.6,35.2,35.9,36.7,37.2,37.9,38.6,39.2,40.0,40.8
1724220,Guliston tumani,Гулистанский район,Guliston district,29.4,30.0,30.6,31.1,31.7,32.4,32.9,33.5,34.2,34.9,35.8,36.6,37.6,38.5
1724226,Sardoba tumani,Сардобинский район,Sardoba district,28.0,28.5,29.0,29.6,30.1,30.6,31.2,31.8,32.2,32.8,33.5,34.0,34.6,35.1
1724228,Mirzaobod tumani,Мирзаабадский район,Mirzaobod district,29.9,31.3,32.0,32.6,33.3,34.1,34.9,35.5,36.4,37.0,38.1,39.0,40.1,41.1
1724231,Sirdaryo tumani,Сырдарьинский район,Sirdaryo district,55.8,56.2,56.8,57.4,58.3,59.2,60.2,61.1,61.8,62.7,63.8,64.7,65.8,67.0
1724235,Xovos tumani,Хавастский район,Xovos district,40.9,41.4,42.1,42.7,43.4,44.0,44.6,45.3,45.9,46.7,47.7,48.5,49.4,50.2
1727,Toshkent viloyati,Ташкентская область,Tashkent region,1292.4,1315.5,1330.0,1343.7,1360.0,1377.0,1396.1,1415.0,1431.7,1451.5,1474.2,1491.9,1475.7,1502.1
1727401,Nurafshon shahar,Город Нурафшан,Nurafshan city,0.0,0.0,0.0,0.0,0.0,0.0,0.0,0.0,23.7,24.0,24.2,25.6,26.2,26.9
1727404,Olmaliq shahar,Город Алмалык,Olmaliq city,63.2,56.5,57.4,58.1,59.0,59.7,60.4,61.2,61.8,62.5,63.5,64.6,65.5,68.9
1727407,Angren shahar,Город Ангрен,Angren city,83.0,83.7,84.9,86.0,87.4,88.5,89.8,91.3,91.4,92.5,93.8,95.3,87.2,89.2
1727413,Bekobod shahar,Город Бекабад,Bekobod  city,43.7,42.6,43.0,43.3,43.8,44.3,44.7,45.2,45.7,46.2,46.9,47.5,49.1,50.2
1727419,Chirchiq shahar,Город Чирчик,Chirchik city,71.5,71.1,71.1,72.2,73.2,73.8,74.5,75.6,75.9,76.6,77.3,80.1,81.2,82.8
1727415,Ohangaron shahar,Город Ахангаран,Ohangaron city,0.0,0.0,0.0,0.0,0.0,0.0,0.0,0.0,18.1,18.3,18.8,19.4,19.9,20.2
1727424,Yangiyo'l shahar,Город Янгиюль,Yangiyul city,0.0,0.0,0.0,0.0,0.0,0.0,0.0,0.0,28.8,29.0,29.4,30.0,38.7,39.9
1727206,Oqqoʻrgʻon tumani,Аккурганский район,Akkurgan district,47.0,45.8,46.4,46.7,47.4,48.2,49.0,49.5,50.3,51.0,51.9,52.6,53.6,54.6
1727212,Ohangaron tumani,Ахангара́нский район,Ohangaron district,58.4,59.7,60.3,61.1,61.8,62.6,63.5,64.3,46.9,47.6,48.4,49.1,54.1,55.1
1727220,Bekobod tumani,Бекабадский район,Bekabad district,72.2,68.5,69.7,70.9,72.3,73.4,74.8,75.9,76.9,78.2,79.5,80.7,81.1,82.6
1727224,Boʻstonliq tumani,Бостанлыкский район,Bostanliq district,75.5,79.1,79.6,80.1,80.5,81.2,82.0,82.9,83.4,84.4,85.4,86.5,87.4,88.6
1727228,Boʻka tumani,Букинский район,Bo'ka district,54.8,55.8,56.4,57.2,58.0,58.9,59.7,60.6,61.4,62.5,63.7,64.6,66.1,67.3
1727233,Quyichirchiq tumani,Куйичирчикский район,Quyichirchiq district,49.0,50.3,50.4,50.7,51.1,51.7,52.3,52.9,53.5,54.1,55.0,56.1,57.1,58.3
1727237,Zangiota tumani,Зангиатинский район,Zangiota district,162.3,173.1,175.5,177.1,179.4,181.9,184.5,186.4,99.8,100.8,102.3,101.5,86.4,87.1
1727239,Yuqorichirchiq tumani,Юкоричирчикский район,Yuqori Chirchiq district,58.5,59.9,60.1,60.7,61.5,62.3,63.3,64.6,65.6,66.6,67.9,69.6,68.6,68.8
1727248,Qibray tumani,Кибрайский район,Qibray district,86.2,91.3,93.1,93.6,93.6,94.2,95.1,96.1,97.4,98.6,99.9,100.8,86.3,86.3
1727249,Parkent tumani,Паркентский район,Parkent district,64.4,67.2,68.3,69.4,70.7,71.9,73.2,74.4,75.4,76.8,78.3,79.7,87.1,88.6
1727250,Piskent tumani,Пскентский район,Piskent district,43.4,46.5,46.7,46.9,47.3,47.8,48.4,48.9,49.5,50.3,51.0,51.7,52.6,51.8
1727253,O‘rtachirchiq tumani,Уртачирчикский район,O'rta Chirchiq district,85.5,86.1,87.0,87.9,89.0,90.3,91.7,93.2,71.8,73.1,74.4,71.0,66.4,67.2
1727256,Chinoz tumani,Чиназский район,Chinoz district,60.1,60.2,60.5,60.7,61.4,62.0,63.1,64.1,65.0,66.0,67.1,68.4,69.9,71.5
1727259,Yangiyoʻl tumani,Янгиюльский район,Yangiyul district,113.7,118.1,119.6,121.1,122.6,124.3,126.1,127.9,100.8,102.5,104.1,104.3,95.9,98.3
1727265,Toshkent tumani,Ташкентский район,Tashkent district,0.0,0.0,0.0,0.0,0.0,0.0,0.0,0.0,88.6,89.9,91.4,92.8,95.3,97.9
1730,Farg'ona viloyati,Ферганская область,Fergana region,1540.4,1619.8,1646.5,1671.8,1701.5,1731.8,1762.8,1793.6,1822.4,1855.0,1890.3,1925.0,1964.6,2005.6
1730401,Farg'ona shahar,Город Фергана,Fergana city,116.2,123.5,125.2,129.2,131.0,132.6,134.1,135.9,137.9,140.4,142.6,144.9,147.6,155.0
1730405,Qo'qon shahar,Город Коканд,Kokand city,108.7,108.9,110.4,111.8,113.5,115.1,116.9,118.7,120.0,121.6,123.6,125.4,127.2,149.1
1730408,Quvasoy shahar,Город Кувасай,Quvasoy city,38.2,40.6,41.2,41.8,42.5,43.2,44.0,44.7,45.4,46.1,46.9,47.7,48.7,49.6
1730412,Marg'ilon shahar,Город Маргилан,Margilan city,99.9,102.9,104.6,106.0,107.7,109.5,111.2,112.9,114.4,116.0,117.9,119.9,121.8,124.2
1730203,Oltiariq tumani,Алтыарыкский район,Oltiariq district,88.5,93.3,94.7,96.0,97.4,99.1,100.7,102.2,103.6,105.4,107.4,109.4,111.8,114.3
1730206,Qo'shtepa tumani,Куштепинский район,Qo'shtepa  district,77.8,82.9,84.1,85.3,86.9,88.4,90.0,91.6,93.4,95.4,97.3,99.4,102.0,104.5
1730209,Bog'dod tumani,Багдадский район,Baghdad district,88.1,89.6,91.2,92.9,94.7,96.6,98.7,100.5,102.3,104.3,106.5,108.9,111.2,113.6
1730212,Buvayda tumani,Бувайдинский район,Buvayda district,90.4,97.6,99.4,101.0,103.1,105.2,107.3,109.4,111.3,113.5,115.9,118.1,120.7,123.4
1730215,Beshariq tumani,Бешарыкский район,Besharik district,90.7,98.0,99.8,101.5,103.4,105.3,107.3,109.3,111.1,113.1,115.2,116.9,118.9,120.8
1730218,Quva tumani,Кувинский район,Quva district,102.0,111.5,113.2,115.0,117.0,119.0,121.1,123.3,125.3,127.4,129.7,132.0,134.6,137.1
1730221,Uchko'prik tumani,Учкуприкский район,Uchkuprik district,91.7,95.0,96.7,98.4,100.3,102.3,104.4,106.5,108.4,110.7,113.0,115.2,118.1,117.6
1730224,Rishton tumani,Риштанский район,Rishtan district,82.9,87.2,88.7,90.1,91.8,93.5,95.3,96.9,98.5,100.2,102.1,103.8,105.9,107.9
1730226,So'x tumani,Сохский район,Sokh district,31.0,32.2,33.2,34.0,34.8,35.7,36.4,37.1,37.9,38.6,39.5,40.2,41.0,41.8
1730227,Toshloq tumani,Ташлакский район,Toshloq district,79.4,87.5,88.7,90.0,91.6,93.3,95.1,96.7,98.5,100.4,102.4,104.6,107.0,109.4
1730230,O'zbekiston tumani,Узбекистанский район,District of Uzbekistan,97.7,100.3,102.3,104.4,106.7,109.0,111.1,113.3,115.2,117.4,119.7,121.8,124.3,116.5
1730233,Farg'ona tumani,Ферганский район,Fergana district,92.7,96.6,98.0,96.6,98.0,99.5,101.1,102.8,104.2,105.9,108.0,110.1,112.4,110.7
1730236,Dang'ara tumani,Дангаринский район,Dangara district,72.3,73.9,75.1,76.2,77.7,79.1,80.6,82.2,83.6,85.2,87.0,88.9,91.1,87.2
1730238,Furqat tumani,Фуркатский район,Furqat district,49.2,51.0,51.8,52.5,53.4,54.5,55.6,56.7,57.6,58.6,59.7,60.7,61.9,63.2
1730242,Yozyovon tumani,Язъяванский район,Yozyovon district,43.0,47.3,48.2,49.1,50.0,50.9,51.9,52.9,53.8,54.8,55.9,57.1,58.4,59.7
1733,Xorazm viloyati,Хорезмская область,Khorezm region,778.2,797.3,811.5,824.4,840.3,856.4,872.4,887.6,902.0,917.7,933.4,946.8,962.5,979.7
1733401,Urganch shahar,Город Ургенч,Urganch city,67.6,67.8,68.2,68.3,68.8,69.3,69.7,70.1,70.5,71.3,72.2,72.9,73.7,75.1
1733406,Xiva shahar,Город Хива,Khiva city,0.0,0.0,0.0,0.0,0.0,0.0,0.0,0.0,44.3,44.9,45.7,46.3,47.2,48.1
1733204,Bog'ot tumani,Багатский район,Bog'ot district,67.3,68.0,69.4,70.8,72.3,73.8,75.2,76.6,78.0,79.5,81.0,82.4,83.9,85.5
1733208,Gurlan tumani,Гурленский район,Gurlan district,62.5,64.7,65.6,66.5,67.8,68.9,70.2,71.6,72.5,73.6,74.8,75.7,76.9,78.3
1733212,Qo'shko'pir tumani,Кушкупырский район,Qo'shko'pir district,70.7,73.2,74.6,75.9,77.4,79.1,80.7,82.1,83.5,85.0,86.5,87.6,88.8,90.2
1733217,Urganch tumani,Ургенчский район,Urganch district,79.0,82.0,83.7,85.2,86.9,88.6,90.6,92.4,94.4,96.2,98.1,99.8,102.0,103.8
1733220,Xazorasp tumani,Хазараспский район,Xazorasp district,103.6,104.8,106.7,108.4,110.5,112.7,114.8,117.0,119.0,121.1,123.3,98.3,99.2,101.0
1733221,Tuproqqal'a tumani,Тупраккалинский район,Tuproqqal'a district,0.0,0.0,0.0,0.0,0.0,0.0,0.0,0.0,0.0,0.0,0.0,26.8,27.9,28.5
1733223,Xonqa tumani,Ханкинский район,Xonqa district,77.0,79.6,81.1,82.6,84.2,85.9,87.6,89.0,90.5,92.2,93.6,95.1,96.7,98.5
1733226,Xiva tumani,Хивинский район,Khiva district,98.4,99.2,101.1,102.9,105.2,107.4,109.5,111.5,69.3,70.6,71.9,73.1,74.4,75.7
1733230,Shovot tumani,Шаватский район,Shovot district,69.7,70.8,72.3,73.7,75.4,77.1,78.7,80.2,81.5,83.1,84.5,85.8,87.1,88.5
1733233,Yangiariq tumani,Янгиарыкский район,Yangiariq district,46.7,50.1,51.0,51.8,52.8,53.9,54.9,55.9,56.6,57.5,58.4,59.1,60.0,61.0
1733236,Yangibozor tumani,Янгибазарский район,Yangibozor district,35.7,37.1,37.8,38.3,39.0,39.7,40.5,41.2,41.9,42.7,43.4,43.9,44.7,45.5
1726,Toshkent shahri,город Ташкент,Tashkent city,1103.5,1123.9,1131.5,1143.6,1145.8,1154.5,1165.6,1181.6,1202.5,1225.2,1256.5,1318.7,1402.2,1449.7
1726262,Uchtepa tumani,Учтепинский район,Uchtepa district,118.5,122.6,122.5,123.2,123.1,124.2,125.6,127.0,129.7,131.4,134.8,137.8,141.7,145.6
1726264,Bektemir tumani,Бектемирский район,Bektemir district,13.5,14.1,14.2,14.3,14.4,14.6,14.8,15.3,15.6,16.1,16.6,14.9,23.7,27.0
1726266,Yunusobod tumani,Юнусабадский район,Yunusobod district,148.8,149.4,150.2,151.6,150.5,150.8,152.2,154.4,157.0,159.3,164.8,170.6,174.0,178.0
1726269,Mirzo Ulug‘bek tumani,Мирзо Улугбекский район,Mirzo Ulug‘bek district,126.8,125.5,127.2,128.9,128.9,129.2,130.0,131.3,132.9,134.3,137.0,141.9,154.3,161.0
1726273,Mirobod tumani,Мирабадский район,Mirobod district,61.9,60.7,61.1,61.9,62.0,62.5,63.2,64.1,65.2,66.2,66.5,69.2,70.8,72.6
1726277,Shayxontohur tumani,Шайхантахурский район,Shayxontohur district,142.4,146.8,148.7,150.7,152.0,154.3,156.8,159.6,162.1,165.3,167.2,170.2,173.3,176.3
1726280,Olmazor tumani,Алмазарский район,Olmazor district,152.5,157.4,160.4,161.6,161.5,163.2,165.2,167.8,170.4,173.5,177.0,183.1,187.2,192.0
1726283,Sirg'ali tumani,Сергелийский район,Sirg'ali district,72.9,76.7,76.9,78.1,79.0,79.7,80.7,82.0,84.5,87.5,93.8,51.9,68.7,80.4
1726287,Yakkasaroy tumani,Яккасарайский район,Yakkasaroy district,58.2,56.8,56.4,56.1,55.6,55.8,55.8,56.2,57.1,58.0,58.0,59.5,60.8,62.3
1726290,Yashnobod tumani,Яшнабадский район,Yashnobod district,99.9,104.5,104.4,105.7,106.1,106.5,106.9,108.0,110.2,113.4,118.2,126.7,138.2,141.8
1726292,Yangihayot tumani,Янгихаётский район,Yangihayot district,0.0,0.0,0.0,0.0,0.0,0.0,0.0,0.0,0.0,0.0,0.0,64.1,77.5,77.9
1726294,Chilonzor tumani,Чиланзарский район,Chilonzor district,108.1,109.4,109.5,111.5,112.7,113.7,114.4,115.9,117.8,120.2,122.6,128.8,132.0,134.8
